year,stock,capture,effort
1950,Argyrosomus regius,800,94985179.78
1950,Ariidae,100,94985179.78
1950,Carangidae,2400,94985179.78
1950,Conger conger,100,94985179.78
1950,Dentex spp,300,94985179.78
1950,Elasmobranchii,1700,94985179.78
1950,Epinephelus spp,200,94985179.78
1950,Galeoides decadactylus,100,94985179.78
1950,Lutjanus spp,2000,94985179.78
1950,Mollusca,200,94985179.78
1950,Mullus spp,100,94985179.78
1950,Orcynopsis unicolor,100,94985179.78
1950,Osteichthyes,59900,94985179.78
1950,Pagellus spp,2500,94985179.78
1950,Pomadasys jubelini,300,94985179.78
1950,Pomatomus saltatrix,500,94985179.78
1950,Pseudotolithus spp,4400,94985179.78
1950,Rajiformes,1300,94985179.78
1950,Sepia officinalis,500,94985179.78
1950,Serranidae,500,94985179.78
1950,Sparidae,23200,94985179.78
1950,Triglidae,200,94985179.78
1951,Argyrosomus regius,1000,96913337.07
1951,Ariidae,100,96913337.07
1951,Carangidae,2400,96913337.07
1951,Conger conger,0.01,96913337.07
1951,Dentex spp,300,96913337.07
1951,Elasmobranchii,1600,96913337.07
1951,Epinephelus spp,100,96913337.07
1951,Galeoides decadactylus,100,96913337.07
1951,Lutjanus spp,2000,96913337.07
1951,Mollusca,200,96913337.07
1951,Mullus spp,100,96913337.07
1951,Orcynopsis unicolor,100,96913337.07
1951,Osteichthyes,57500,96913337.07
1951,Pagellus spp,2100,96913337.07
1951,Pomadasys jubelini,300,96913337.07
1951,Pomatomus saltatrix,800,96913337.07
1951,Pseudotolithus spp,4400,96913337.07
1951,Rajiformes,1300,96913337.07
1951,Sepia officinalis,500,96913337.07
1951,Serranidae,500,96913337.07
1951,Sparidae,22800,96913337.07
1951,Triglidae,200,96913337.07
1952,Argyrosomus regius,800,82640525.59
1952,Ariidae,100,82640525.59
1952,Carangidae,2400,82640525.59
1952,Conger conger,0.01,82640525.59
1952,Dentex spp,600,82640525.59
1952,Elasmobranchii,1800,82640525.59
1952,Epinephelus spp,100,82640525.59
1952,Galeoides decadactylus,400,82640525.59
1952,Lutjanus spp,2000,82640525.59
1952,Mollusca,200,82640525.59
1952,Mullus spp,100,82640525.59
1952,Orcynopsis unicolor,100,82640525.59
1952,Osteichthyes,73100,82640525.59
1952,Pagellus spp,2800,82640525.59
1952,Pomadasys jubelini,500,82640525.59
1952,Pomatomus saltatrix,1900,82640525.59
1952,Pseudotolithus spp,4700,82640525.59
1952,Rajiformes,1300,82640525.59
1952,Sepia officinalis,1000,82640525.59
1952,Serranidae,1000,82640525.59
1952,Sparidae,24900,82640525.59
1952,Triglidae,300,82640525.59
1953,Argyrosomus regius,700,101661575.3
1953,Ariidae,100,101661575.3
1953,Carangidae,2400,101661575.3
1953,Conger conger,0.01,101661575.3
1953,Dentex spp,600,101661575.3
1953,Elasmobranchii,1900,101661575.3
1953,Epinephelus spp,300,101661575.3
1953,Galeoides decadactylus,400,101661575.3
1953,Lutjanus spp,2000,101661575.3
1953,Mollusca,200,101661575.3
1953,Mullus spp,100,101661575.3
1953,Orcynopsis unicolor,400,101661575.3
1953,Osteichthyes,73350,101661575.3
1953,Pagellus spp,3300,101661575.3
1953,Pomadasys jubelini,500,101661575.3
1953,Pomatomus saltatrix,3700,101661575.3
1953,Pseudotolithus spp,4700,101661575.3
1953,Rajiformes,1300,101661575.3
1953,Sepia officinalis,1100,101661575.3
1953,Serranidae,1000,101661575.3
1953,Sparidae,16500,101661575.3
1953,Triglidae,400,101661575.3
1954,Argyrosomus regius,900,142933236.2
1954,Ariidae,500,142933236.2
1954,Carangidae,2800,142933236.2
1954,Conger conger,100,142933236.2
1954,Dentex spp,600,142933236.2
1954,Elasmobranchii,2000,142933236.2
1954,Epinephelus spp,0.01,142933236.2
1954,Galeoides decadactylus,400,142933236.2
1954,Lutjanus spp,2300,142933236.2
1954,Mollusca,400,142933236.2
1954,Mullus spp,100,142933236.2
1954,Orcynopsis unicolor,400,142933236.2
1954,Osteichthyes,76000,142933236.2
1954,Pagellus spp,3000,142933236.2
1954,Pomadasys jubelini,500,142933236.2
1954,Pomatomus saltatrix,4800,142933236.2
1954,Pseudotolithus spp,5300,142933236.2
1954,Rajiformes,1400,142933236.2
1954,Sepia officinalis,1600,142933236.2
1954,Serranidae,1000,142933236.2
1954,Sparidae,17100,142933236.2
1954,Triglidae,400,142933236.2
1955,Argyrosomus regius,700,88572075.95
1955,Ariidae,500,88572075.95
1955,Carangidae,2800,88572075.95
1955,Conger conger,100,88572075.95
1955,Dentex spp,1000,88572075.95
1955,Elasmobranchii,2100,88572075.95
1955,Epinephelus spp,0.01,88572075.95
1955,Galeoides decadactylus,400,88572075.95
1955,Lutjanus spp,2300,88572075.95
1955,Mollusca,500,88572075.95
1955,Mullus spp,100,88572075.95
1955,Orcynopsis unicolor,400,88572075.95
1955,Osteichthyes,90900,88572075.95
1955,Pagellus spp,4800,88572075.95
1955,Pomadasys jubelini,500,88572075.95
1955,Pomatomus saltatrix,3200,88572075.95
1955,Pseudotolithus spp,5400,88572075.95
1955,Rajiformes,1500,88572075.95
1955,Sepia officinalis,1500,88572075.95
1955,Serranidae,1000,88572075.95
1955,Sparidae,17500,88572075.95
1955,Triglidae,500,88572075.95
1956,Argyrosomus regius,1000,119602170.4
1956,Ariidae,1000,119602170.4
1956,Carangidae,2800,119602170.4
1956,Conger conger,200,119602170.4
1956,Dentex spp,1000,119602170.4
1956,Elasmobranchii,2400,119602170.4
1956,Epinephelus spp,0.01,119602170.4
1956,Galeoides decadactylus,500,119602170.4
1956,Lutjanus spp,2300,119602170.4
1956,Mollusca,300,119602170.4
1956,Mullus spp,100,119602170.4
1956,Orcynopsis unicolor,200,119602170.4
1956,Osteichthyes,91100,119602170.4
1956,Pagellus spp,3000,119602170.4
1956,Pomadasys jubelini,500,119602170.4
1956,Pomatomus saltatrix,2200,119602170.4
1956,Pseudotolithus spp,5900,119602170.4
1956,Rajiformes,2600,119602170.4
1956,Sepia officinalis,1400,119602170.4
1956,Serranidae,1500,119602170.4
1956,Sparidae,21100,119602170.4
1956,Triglidae,500,119602170.4
1957,Argyrosomus regius,700,134483414.9
1957,Ariidae,1000,134483414.9
1957,Carangidae,2800,134483414.9
1957,Caranx hippos,400,134483414.9
1957,Chloroscombrus chrysurus,500,134483414.9
1957,Conger conger,100,134483414.9
1957,Dentex spp,1000,134483414.9
1957,Elasmobranchii,2300,134483414.9
1957,Epinephelus spp,1100,134483414.9
1957,Galeoides decadactylus,900,134483414.9
1957,Lutjanus spp,2300,134483414.9
1957,Mollusca,300,134483414.9
1957,Mullus spp,100,134483414.9
1957,Orcynopsis unicolor,100,134483414.9
1957,Osteichthyes,101550,134483414.9
1957,Pagellus spp,3600,134483414.9
1957,Pagrus spp,700,134483414.9
1957,Pomadasys jubelini,500,134483414.9
1957,Pomatomus saltatrix,5400,134483414.9
1957,Pseudotolithus spp,6900,134483414.9
1957,Rajiformes,1500,134483414.9
1957,Sepia officinalis,1500,134483414.9
1957,Serranidae,2000,134483414.9
1957,Sparidae,23400,134483414.9
1957,Triglidae,600,134483414.9
1958,Argyrosomus regius,1000,147521433.4
1958,Ariidae,1100,147521433.4
1958,Carangidae,2800,147521433.4
1958,Caranx hippos,500,147521433.4
1958,Chloroscombrus chrysurus,500,147521433.4
1958,Conger conger,100,147521433.4
1958,Dentex spp,1000,147521433.4
1958,Elasmobranchii,2400,147521433.4
1958,Epinephelus spp,1300,147521433.4
1958,Galeoides decadactylus,1000,147521433.4
1958,Lutjanus spp,2300,147521433.4
1958,Mollusca,500,147521433.4
1958,Mullus spp,200,147521433.4
1958,Orcynopsis unicolor,0.01,147521433.4
1958,Osteichthyes,103300,147521433.4
1958,Pagellus spp,4600,147521433.4
1958,Pagrus spp,1000,147521433.4
1958,Pomadasys jubelini,500,147521433.4
1958,Pomatomus saltatrix,4000,147521433.4
1958,Pseudotolithus spp,6700,147521433.4
1958,Pseudupeneus prayensis,500,147521433.4
1958,Rajiformes,2000,147521433.4
1958,Sepia officinalis,2500,147521433.4
1958,Serranidae,2000,147521433.4
1958,Sparidae,23300,147521433.4
1958,Triglidae,500,147521433.4
1959,Argyrosomus regius,1200,143205935.1
1959,Ariidae,700,143205935.1
1959,Carangidae,2800,143205935.1
1959,Caranx hippos,500,143205935.1
1959,Chloroscombrus chrysurus,1000,143205935.1
1959,Conger conger,100,143205935.1
1959,Dentex spp,1500,143205935.1
1959,Elasmobranchii,2300,143205935.1
1959,Epinephelus spp,1500,143205935.1
1959,Galeoides decadactylus,1500,143205935.1
1959,Lutjanus spp,2300,143205935.1
1959,Mollusca,500,143205935.1
1959,Mullus spp,200,143205935.1
1959,Orcynopsis unicolor,1000,143205935.1
1959,Osteichthyes,122950,143205935.1
1959,Pagellus spp,4100,143205935.1
1959,Pagrus spp,500,143205935.1
1959,Pomadasys jubelini,1000,143205935.1
1959,Pomatomus saltatrix,5600,143205935.1
1959,Pseudotolithus spp,7800,143205935.1
1959,Pseudupeneus prayensis,500,143205935.1
1959,Rajiformes,2800,143205935.1
1959,Sepia officinalis,4000,143205935.1
1959,Serranidae,2500,143205935.1
1959,Sparidae,32000,143205935.1
1959,Triglidae,900,143205935.1
1960,Argyrosomus regius,1000,136895868.2
1960,Ariidae,700,136895868.2
1960,Carangidae,3700,136895868.2
1960,Caranx hippos,500,136895868.2
1960,Chloroscombrus chrysurus,1500,136895868.2
1960,Conger conger,100,136895868.2
1960,Dentex spp,1500,136895868.2
1960,Elasmobranchii,3300,136895868.2
1960,Epinephelus spp,1000,136895868.2
1960,Galeoides decadactylus,2000,136895868.2
1960,Lutjanus spp,3000,136895868.2
1960,Mollusca,1000,136895868.2
1960,Mullus spp,300,136895868.2
1960,Orcynopsis unicolor,1100,136895868.2
1960,Osteichthyes,95200,136895868.2
1960,Pagellus spp,4600,136895868.2
1960,Pagrus spp,500,136895868.2
1960,Pomadasys jubelini,1500,136895868.2
1960,Pomatomus saltatrix,5700,136895868.2
1960,Pseudotolithus spp,9200,136895868.2
1960,Pseudupeneus prayensis,1000,136895868.2
1960,Rajiformes,3100,136895868.2
1960,Sepia officinalis,4500,136895868.2
1960,Serranidae,2500,136895868.2
1960,Sparidae,31100,136895868.2
1960,Triglidae,1100,136895868.2
1961,Argyrosomus regius,1000,140760677.8
1961,Ariidae,1000,140760677.8
1961,Carangidae,3300,140760677.8
1961,Caranx hippos,500,140760677.8
1961,Chloroscombrus chrysurus,1000,140760677.8
1961,Conger conger,200,140760677.8
1961,Dentex spp,2000,140760677.8
1961,Elasmobranchii,3900,140760677.8
1961,Epinephelus spp,1300,140760677.8
1961,Galeoides decadactylus,1700,140760677.8
1961,Lutjanus spp,2700,140760677.8
1961,Mollusca,1000,140760677.8
1961,Mullus spp,200,140760677.8
1961,Orcynopsis unicolor,2200,140760677.8
1961,Osteichthyes,147000,140760677.8
1961,Pagellus spp,7000,140760677.8
1961,Pagrus spp,1500,140760677.8
1961,Pomadasys jubelini,1000,140760677.8
1961,Pomatomus saltatrix,4200,140760677.8
1961,Pseudotolithus spp,9600,140760677.8
1961,Pseudupeneus prayensis,1000,140760677.8
1961,Rajiformes,1500,140760677.8
1961,Sepia officinalis,5000,140760677.8
1961,Serranidae,3000,140760677.8
1961,Sparidae,28900,140760677.8
1961,Triglidae,500,140760677.8
1961,Trisopterus luscus,300,140760677.8
1962,Argyrosomus regius,1000,238749574.6
1962,Ariidae,1000,238749574.6
1962,Carangidae,3900,238749574.6
1962,Caranx hippos,500,238749574.6
1962,Chloroscombrus chrysurus,1000,238749574.6
1962,Conger conger,400,238749574.6
1962,Dentex spp,4700,238749574.6
1962,Elasmobranchii,5200,238749574.6
1962,Epinephelus spp,1400,238749574.6
1962,Galeoides decadactylus,1700,238749574.6
1962,Lutjanus spp,3200,238749574.6
1962,Mollusca,100,238749574.6
1962,Mullus spp,300,238749574.6
1962,Orcynopsis unicolor,3000,238749574.6
1962,Osteichthyes,145500,238749574.6
1962,Pagellus erythrinus,7000,238749574.6
1962,Pagellus spp,15000,238749574.6
1962,Pagrus spp,10700,238749574.6
1962,Pomadasys jubelini,1500,238749574.6
1962,Pomatomus saltatrix,3800,238749574.6
1962,Pseudotolithus spp,10700,238749574.6
1962,Pseudupeneus prayensis,1000,238749574.6
1962,Rajiformes,1200,238749574.6
1962,Sepia officinalis,3500,238749574.6
1962,Serranidae,3000,238749574.6
1962,Sparidae,50600,238749574.6
1962,Triglidae,300,238749574.6
1962,Trisopterus luscus,300,238749574.6
1963,Argyrosomus regius,1000,258181182.5
1963,Ariidae,1000,258181182.5
1963,Carangidae,4000,258181182.5
1963,Caranx hippos,500,258181182.5
1963,Chloroscombrus chrysurus,1500,258181182.5
1963,Conger conger,400,258181182.5
1963,Dentex spp,2400,258181182.5
1963,Elasmobranchii,6800,258181182.5
1963,Epinephelus spp,2000,258181182.5
1963,Galeoides decadactylus,6800,258181182.5
1963,Lutjanus spp,3300,258181182.5
1963,Mollusca,400,258181182.5
1963,Mullus spp,100,258181182.5
1963,Orcynopsis unicolor,3100,258181182.5
1963,Osteichthyes,124500,258181182.5
1963,Pagellus erythrinus,11200,258181182.5
1963,Pagellus spp,10000,258181182.5
1963,Pagrus spp,9900,258181182.5
1963,Pomadasys jubelini,1500,258181182.5
1963,Pomatomus saltatrix,4600,258181182.5
1963,Pseudotolithus spp,16400,258181182.5
1963,Pseudupeneus prayensis,1000,258181182.5
1963,Rajiformes,4300,258181182.5
1963,Sepia officinalis,4000,258181182.5
1963,Serranidae,3000,258181182.5
1963,Sparidae,33100,258181182.5
1963,Triglidae,500,258181182.5
1963,Trisopterus luscus,800,258181182.5
1964,Argyrosomus regius,1000,280750734
1964,Ariidae,1200,280750734
1964,Carangidae,6600,280750734
1964,Caranx hippos,500,280750734
1964,Chloroscombrus chrysurus,1100,280750734
1964,Conger conger,600,280750734
1964,Dentex spp,2700,280750734
1964,Elasmobranchii,8400,280750734
1964,Epinephelus spp,1100,280750734
1964,Galeoides decadactylus,5500,280750734
1964,Lutjanus spp,5000,280750734
1964,Mollusca,1700,280750734
1964,Mullus spp,100,280750734
1964,Orcynopsis unicolor,2300,280750734
1964,Osteichthyes,207450,280750734
1964,Pagellus erythrinus,12000,280750734
1964,Pagellus spp,13300,280750734
1964,Pagrus spp,8300,280750734
1964,Pomadasys jubelini,1600,280750734
1964,Pomatomus saltatrix,6600,280750734
1964,Pseudotolithus spp,15900,280750734
1964,Pseudupeneus prayensis,1900,280750734
1964,Rajiformes,3800,280750734
1964,Sepia officinalis,2500,280750734
1964,Serranidae,3400,280750734
1964,Sparidae,100200,280750734
1964,Triglidae,1100,280750734
1964,Trisopterus luscus,1600,280750734
1965,Argyrosomus regius,700,232867081.4
1965,Ariidae,1200,232867081.4
1965,Carangidae,7200,232867081.4
1965,Caranx hippos,100,232867081.4
1965,Chloroscombrus chrysurus,1400,232867081.4
1965,Conger conger,700,232867081.4
1965,Dentex spp,4200,232867081.4
1965,Elasmobranchii,12500,232867081.4
1965,Epinephelus spp,2900,232867081.4
1965,Galeoides decadactylus,7900,232867081.4
1965,Lutjanus spp,5100,232867081.4
1965,Mollusca,9500,232867081.4
1965,Mullus spp,100,232867081.4
1965,Orcynopsis unicolor,216,232867081.4
1965,Osteichthyes,230950,232867081.4
1965,Pagellus erythrinus,12100,232867081.4
1965,Pagellus spp,14800,232867081.4
1965,Pagrus spp,4500,232867081.4
1965,Pomadasys jubelini,4000,232867081.4
1965,Pomatomus saltatrix,4000,232867081.4
1965,Pseudotolithus spp,23000,232867081.4
1965,Pseudupeneus prayensis,2300,232867081.4
1965,Rajiformes,5300,232867081.4
1965,Sepia officinalis,3400,232867081.4
1965,Serranidae,3900,232867081.4
1965,Sparidae,57800,232867081.4
1965,Triglidae,1100,232867081.4
1965,Trisopterus luscus,1000,232867081.4
1966,Argyrosomus regius,700,250830582.3
1966,Ariidae,1200,250830582.3
1966,Carangidae,7300,250830582.3
1966,Caranx hippos,200,250830582.3
1966,Chloroscombrus chrysurus,1700,250830582.3
1966,Conger conger,600,250830582.3
1966,Dentex spp,2500,250830582.3
1966,Elasmobranchii,12200,250830582.3
1966,Epinephelus spp,1400,250830582.3
1966,Galeoides decadactylus,9500,250830582.3
1966,Lutjanus spp,5400,250830582.3
1966,Mollusca,13100,250830582.3
1966,Mullus spp,100,250830582.3
1966,Orcynopsis unicolor,339,250830582.3
1966,Osteichthyes,280550,250830582.3
1966,Pagellus erythrinus,11400,250830582.3
1966,Pagellus spp,13100,250830582.3
1966,Pagrus spp,4200,250830582.3
1966,Pomadasys jubelini,4000,250830582.3
1966,Pomatomus saltatrix,14000,250830582.3
1966,Pseudotolithus spp,23200,250830582.3
1966,Pseudupeneus prayensis,2100,250830582.3
1966,Rajiformes,6400,250830582.3
1966,Sepia officinalis,4200,250830582.3
1966,Serranidae,5000,250830582.3
1966,Sparidae,59500,250830582.3
1966,Triglidae,1100,250830582.3
1966,Trisopterus luscus,2000,250830582.3
1967,Argyrosomus regius,300,307250109.6
1967,Ariidae,1300,307250109.6
1967,Carangidae,9300,307250109.6
1967,Caranx hippos,600,307250109.6
1967,Chloroscombrus chrysurus,1600,307250109.6
1967,Conger conger,600,307250109.6
1967,Dentex spp,1700,307250109.6
1967,Elasmobranchii,12200,307250109.6
1967,Epinephelus spp,500,307250109.6
1967,Galeoides decadactylus,2200,307250109.6
1967,Lutjanus spp,6000,307250109.6
1967,Mollusca,10600,307250109.6
1967,Mullus spp,200,307250109.6
1967,Orcynopsis unicolor,684,307250109.6
1967,Osteichthyes,271600,307250109.6
1967,Pagellus erythrinus,10300,307250109.6
1967,Pagellus spp,12200,307250109.6
1967,Pagrus spp,2600,307250109.6
1967,Pomadasys jubelini,3000,307250109.6
1967,Pomatomus saltatrix,7300,307250109.6
1967,Pseudotolithus spp,17400,307250109.6
1967,Pseudupeneus prayensis,2800,307250109.6
1967,Rajiformes,1400,307250109.6
1967,Sepia officinalis,4400,307250109.6
1967,Serranidae,4200,307250109.6
1967,Sparidae,74500,307250109.6
1967,Triglidae,4000,307250109.6
1967,Trisopterus luscus,2800,307250109.6
1968,Argyrosomus regius,300,275206304.5
1968,Ariidae,1200,275206304.5
1968,Carangidae,9000,275206304.5
1968,Caranx hippos,700,275206304.5
1968,Chloroscombrus chrysurus,2000,275206304.5
1968,Conger conger,600,275206304.5
1968,Dentex spp,1300,275206304.5
1968,Elasmobranchii,13800,275206304.5
1968,Epinephelus spp,800,275206304.5
1968,Galeoides decadactylus,3300,275206304.5
1968,Lutjanus spp,6100,275206304.5
1968,Mollusca,7800,275206304.5
1968,Mullus spp,200,275206304.5
1968,Orcynopsis unicolor,228,275206304.5
1968,Osteichthyes,295450,275206304.5
1968,Pagellus erythrinus,9500,275206304.5
1968,Pagellus spp,19700,275206304.5
1968,Pagrus spp,2700,275206304.5
1968,Pomadasys jubelini,1500,275206304.5
1968,Pomatomus saltatrix,11400,275206304.5
1968,Pseudotolithus spp,19100,275206304.5
1968,Pseudupeneus prayensis,1800,275206304.5
1968,Rajiformes,1900,275206304.5
1968,Sepia officinalis,4900,275206304.5
1968,Serranidae,4000,275206304.5
1968,Sparidae,73900,275206304.5
1968,Triglidae,600,275206304.5
1968,Trisopterus luscus,3000,275206304.5
1969,Argyrosomus regius,300,323099896.9
1969,Ariidae,1800,323099896.9
1969,Carangidae,8300,323099896.9
1969,Caranx hippos,8000,323099896.9
1969,Chloroscombrus chrysurus,3900,323099896.9
1969,Conger conger,700,323099896.9
1969,Dentex spp,1800,323099896.9
1969,Elasmobranchii,18900,323099896.9
1969,Epinephelus spp,1700,323099896.9
1969,Galeoides decadactylus,3500,323099896.9
1969,Lutjanus spp,6400,323099896.9
1969,Mollusca,22200,323099896.9
1969,Mullus spp,500,323099896.9
1969,Orcynopsis unicolor,1341,323099896.9
1969,Osteichthyes,326450,323099896.9
1969,Pagellus erythrinus,9500,323099896.9
1969,Pagellus spp,13900,323099896.9
1969,Pagrus spp,2500,323099896.9
1969,Pomadasys jubelini,2000,323099896.9
1969,Pomatomus saltatrix,10500,323099896.9
1969,Pseudotolithus spp,18200,323099896.9
1969,Pseudupeneus prayensis,2100,323099896.9
1969,Rajiformes,2200,323099896.9
1969,Sepia officinalis,4000,323099896.9
1969,Serranidae,3600,323099896.9
1969,Sparidae,88000,323099896.9
1969,Triglidae,800,323099896.9
1969,Trisopterus luscus,3400,323099896.9
1970,Argyrosomus regius,200,318170973.5
1970,Ariidae,3300,318170973.5
1970,Carangidae,11580,318170973.5
1970,Caranx hippos,14700,318170973.5
1970,Chloroscombrus chrysurus,3500,318170973.5
1970,Conger conger,800,318170973.5
1970,Dentex spp,3108,318170973.5
1970,Elasmobranchii,16971,318170973.5
1970,Epinephelus spp,4280,318170973.5
1970,Galeoides decadactylus,3624,318170973.5
1970,Lutjanus spp,8900,318170973.5
1970,Mollusca,28073,318170973.5
1970,Mullus spp,200,318170973.5
1970,Orcynopsis unicolor,806,318170973.5
1970,Osteichthyes,281042,318170973.5
1970,Pagellus erythrinus,6600,318170973.5
1970,Pagellus spp,20606,318170973.5
1970,Pagrus spp,1859,318170973.5
1970,Pomadasys jubelini,1008,318170973.5
1970,Pomatomus saltatrix,15747,318170973.5
1970,Pseudotolithus spp,23035,318170973.5
1970,Pseudupeneus prayensis,2343,318170973.5
1970,Rajiformes,6599,318170973.5
1970,Sepia officinalis,3624,318170973.5
1970,Serranidae,12400,318170973.5
1970,Sparidae,72807,318170973.5
1970,Triglidae,700,318170973.5
1970,Trisopterus luscus,750,318170973.5
1971,Argyrosomus regius,0,403827290.4
1971,Ariidae,6970,403827290.4
1971,Carangidae,14847,403827290.4
1971,Caranx hippos,17600,403827290.4
1971,Chloroscombrus chrysurus,3000,403827290.4
1971,Conger conger,1100,403827290.4
1971,Dentex spp,3651,403827290.4
1971,Elasmobranchii,20024,403827290.4
1971,Epinephelus spp,1893,403827290.4
1971,Galeoides decadactylus,4218,403827290.4
1971,Lutjanus spp,11810,403827290.4
1971,Mollusca,29303,403827290.4
1971,Mullus spp,200,403827290.4
1971,Orcynopsis unicolor,683,403827290.4
1971,Osteichthyes,280039,403827290.4
1971,Pagellus erythrinus,6600,403827290.4
1971,Pagellus spp,14889,403827290.4
1971,Pagrus spp,1756,403827290.4
1971,Pomadasys jubelini,1510,403827290.4
1971,Pomatomus saltatrix,12188,403827290.4
1971,Pseudotolithus spp,36381,403827290.4
1971,Pseudupeneus prayensis,2597,403827290.4
1971,Rajiformes,7841,403827290.4
1971,Sepia officinalis,2901,403827290.4
1971,Serranidae,16500,403827290.4
1971,Sparidae,83495,403827290.4
1971,Triglidae,2500,403827290.4
1971,Trisopterus luscus,974,403827290.4
1972,Argyrosomus regius,1530,350078055.2
1972,Ariidae,6413,350078055.2
1972,Carangidae,24073,350078055.2
1972,Caranx hippos,4300,350078055.2
1972,Chloroscombrus chrysurus,2930,350078055.2
1972,Conger conger,970,350078055.2
1972,Dentex spp,2735,350078055.2
1972,Elasmobranchii,21291,350078055.2
1972,Epinephelus spp,2863,350078055.2
1972,Galeoides decadactylus,5205,350078055.2
1972,Lutjanus spp,11664,350078055.2
1972,Mollusca,5932,350078055.2
1972,Mullus spp,141,350078055.2
1972,Orcynopsis unicolor,310,350078055.2
1972,Osteichthyes,251636,350078055.2
1972,Pagellus erythrinus,3773,350078055.2
1972,Pagellus spp,18058,350078055.2
1972,Pagrus spp,290,350078055.2
1972,Pomadasys jubelini,717,350078055.2
1972,Pomatomus saltatrix,13385,350078055.2
1972,Pseudotolithus spp,34057,350078055.2
1972,Pseudupeneus prayensis,2229,350078055.2
1972,Rajiformes,8261,350078055.2
1972,Sepia officinalis,2410,350078055.2
1972,Serranidae,19400,350078055.2
1972,Sparidae,97638,350078055.2
1972,Triglidae,3516,350078055.2
1972,Trisopterus luscus,968,350078055.2
1973,Argyrosomus regius,647,754080585.3
1973,Ariidae,7004,754080585.3
1973,Carangidae,24736,754080585.3
1973,Caranx hippos,1900,754080585.3
1973,Chloroscombrus chrysurus,1751,754080585.3
1973,Conger conger,1799,754080585.3
1973,Dentex spp,3052,754080585.3
1973,Elasmobranchii,18754,754080585.3
1973,Epinephelus spp,4233,754080585.3
1973,Galeoides decadactylus,3355,754080585.3
1973,Lutjanus spp,11806,754080585.3
1973,Mollusca,11285,754080585.3
1973,Mullus spp,389,754080585.3
1973,Orcynopsis unicolor,102,754080585.3
1973,Osteichthyes,287624,754080585.3
1973,Pagellus erythrinus,3679,754080585.3
1973,Pagellus spp,17152,754080585.3
1973,Pagrus spp,293,754080585.3
1973,Pomadasys jubelini,1156,754080585.3
1973,Pomatomus saltatrix,10790,754080585.3
1973,Pseudotolithus spp,34042,754080585.3
1973,Pseudupeneus prayensis,1654,754080585.3
1973,Rajiformes,8972,754080585.3
1973,Sepia officinalis,1845,754080585.3
1973,Serranidae,17308,754080585.3
1973,Sparidae,116488,754080585.3
1973,Triglidae,3881,754080585.3
1973,Trisopterus luscus,1884,754080585.3
1974,Argyrosomus regius,2668,381212693.2
1974,Ariidae,7569,381212693.2
1974,Carangidae,28383,381212693.2
1974,Caranx hippos,4421,381212693.2
1974,Chloroscombrus chrysurus,2199,381212693.2
1974,Conger conger,1853,381212693.2
1974,Dentex spp,2849,381212693.2
1974,Elasmobranchii,25958,381212693.2
1974,Epinephelus spp,5454,381212693.2
1974,Galeoides decadactylus,3974,381212693.2
1974,Lutjanus spp,11912,381212693.2
1974,Mollusca,18062,381212693.2
1974,Mullus spp,484,381212693.2
1974,Orcynopsis unicolor,143,381212693.2
1974,Osteichthyes,296711,381212693.2
1974,Pagellus erythrinus,3606,381212693.2
1974,Pagellus spp,11629,381212693.2
1974,Pagrus spp,7156,381212693.2
1974,Pomadasys jubelini,1263,381212693.2
1974,Pomatomus saltatrix,19024,381212693.2
1974,Pseudotolithus spp,36241,381212693.2
1974,Pseudupeneus prayensis,1300,381212693.2
1974,Rajiformes,8829,381212693.2
1974,Sepia officinalis,1783,381212693.2
1974,Serranidae,21264,381212693.2
1974,Sparidae,79717,381212693.2
1974,Triglidae,6855,381212693.2
1974,Trisopterus luscus,1675,381212693.2
1975,Argyrosomus regius,2640,318419420.9
1975,Ariidae,6759,318419420.9
1975,Carangidae,27088,318419420.9
1975,Caranx hippos,1585,318419420.9
1975,Chloroscombrus chrysurus,1551,318419420.9
1975,Conger conger,1465,318419420.9
1975,Dentex spp,5394,318419420.9
1975,Elasmobranchii,24943,318419420.9
1975,Epinephelus spp,5099,318419420.9
1975,Galeoides decadactylus,3556,318419420.9
1975,Lutjanus spp,12111,318419420.9
1975,Mollusca,10113,318419420.9
1975,Mullus spp,748,318419420.9
1975,Orcynopsis unicolor,84,318419420.9
1975,Osteichthyes,300729,318419420.9
1975,Pagellus erythrinus,1005,318419420.9
1975,Pagellus spp,8414,318419420.9
1975,Pagrus spp,8795,318419420.9
1975,Pomadasys jubelini,980,318419420.9
1975,Pomatomus saltatrix,10092,318419420.9
1975,Pseudotolithus spp,35364,318419420.9
1975,Pseudupeneus prayensis,2446,318419420.9
1975,Rajiformes,13429,318419420.9
1975,Sepia officinalis,1278,318419420.9
1975,Serranidae,17734,318419420.9
1975,Sparidae,106575,318419420.9
1975,Triglidae,4394,318419420.9
1975,Trisopterus luscus,1209,318419420.9
1976,Argyrosomus regius,2940,383273391.7
1976,Ariidae,14856,383273391.7
1976,Carangidae,23026,383273391.7
1976,Caranx hippos,1036,383273391.7
1976,Chloroscombrus chrysurus,2051,383273391.7
1976,Conger conger,1478,383273391.7
1976,Dentex spp,4877,383273391.7
1976,Elasmobranchii,24622,383273391.7
1976,Epinephelus spp,4923,383273391.7
1976,Galeoides decadactylus,5938,383273391.7
1976,Lutjanus spp,12313,383273391.7
1976,Mollusca,15950,383273391.7
1976,Mullus spp,503,383273391.7
1976,Orcynopsis unicolor,212,383273391.7
1976,Osteichthyes,302600,383273391.7
1976,Pagellus erythrinus,211,383273391.7
1976,Pagellus spp,5913,383273391.7
1976,Pagrus spp,6872,383273391.7
1976,Pomadasys jubelini,2355,383273391.7
1976,Pomatomus saltatrix,7863,383273391.7
1976,Pseudotolithus spp,33642,383273391.7
1976,Pseudupeneus prayensis,2435,383273391.7
1976,Rajiformes,7118,383273391.7
1976,Sepia officinalis,2178,383273391.7
1976,Serranidae,14117,383273391.7
1976,Sparidae,66988,383273391.7
1976,Triglidae,2276,383273391.7
1976,Trisopterus luscus,806,383273391.7
1977,Argyrosomus regius,2366,560872313.1
1977,Ariidae,15439,560872313.1
1977,Carangidae,21526,560872313.1
1977,Caranx hippos,16611,560872313.1
1977,Chloroscombrus chrysurus,3411,560872313.1
1977,Conger conger,2302,560872313.1
1977,Dentex spp,2474,560872313.1
1977,Elasmobranchii,27856,560872313.1
1977,Epinephelus spp,5146,560872313.1
1977,Galeoides decadactylus,8304,560872313.1
1977,Lutjanus spp,11537,560872313.1
1977,Mollusca,16535,560872313.1
1977,Mullus spp,1327,560872313.1
1977,Orcynopsis unicolor,321,560872313.1
1977,Osteichthyes,376931,560872313.1
1977,Pagellus erythrinus,1509,560872313.1
1977,Pagellus spp,7028,560872313.1
1977,Pagrus spp,10562,560872313.1
1977,Pomadasys jubelini,2168,560872313.1
1977,Pomatomus saltatrix,13844,560872313.1
1977,Pseudotolithus spp,33216,560872313.1
1977,Pseudupeneus prayensis,2765,560872313.1
1977,Rajiformes,6212,560872313.1
1977,Sepia officinalis,2356,560872313.1
1977,Serranidae,10192,560872313.1
1977,Sparidae,36342,560872313.1
1977,Triglidae,980,560872313.1
1977,Trisopterus luscus,1011,560872313.1
1978,Argyrosomus regius,5081,376093971.9
1978,Ariidae,17940,376093971.9
1978,Carangidae,19751,376093971.9
1978,Caranx hippos,5895,376093971.9
1978,Chloroscombrus chrysurus,4312,376093971.9
1978,Conger conger,1978,376093971.9
1978,Dentex spp,4431,376093971.9
1978,Elasmobranchii,29812,376093971.9
1978,Epinephelus spp,4503,376093971.9
1978,Galeoides decadactylus,8515,376093971.9
1978,Lutjanus spp,11273,376093971.9
1978,Mollusca,1568,376093971.9
1978,Mullus spp,214,376093971.9
1978,Orcynopsis unicolor,817,376093971.9
1978,Osteichthyes,380704,376093971.9
1978,Pagellus erythrinus,55,376093971.9
1978,Pagellus spp,8591,376093971.9
1978,Pagrus spp,3600,376093971.9
1978,Pomadasys jubelini,1620,376093971.9
1978,Pomatomus saltatrix,11311,376093971.9
1978,Pseudotolithus spp,40893,376093971.9
1978,Pseudupeneus prayensis,3401,376093971.9
1978,Rajiformes,10368,376093971.9
1978,Sepia officinalis,1483,376093971.9
1978,Serranidae,10032,376093971.9
1978,Sparidae,28038,376093971.9
1978,Triglidae,816,376093971.9
1978,Trisopterus luscus,759,376093971.9
1979,Argyrosomus regius,3007,792723938.2
1979,Ariidae,15110,792723938.2
1979,Carangidae,24674,792723938.2
1979,Caranx hippos,1851,792723938.2
1979,Chloroscombrus chrysurus,3869,792723938.2
1979,Conger conger,2338,792723938.2
1979,Dentex spp,4901,792723938.2
1979,Elasmobranchii,32643,792723938.2
1979,Epinephelus spp,4156,792723938.2
1979,Galeoides decadactylus,10451,792723938.2
1979,Lutjanus spp,10952,792723938.2
1979,Mollusca,554,792723938.2
1979,Mullus spp,1124,792723938.2
1979,Orcynopsis unicolor,464,792723938.2
1979,Osteichthyes,219989,792723938.2
1979,Pagellus erythrinus,677,792723938.2
1979,Pagellus spp,5980,792723938.2
1979,Pagrus spp,4339,792723938.2
1979,Pomadasys jubelini,1341,792723938.2
1979,Pomatomus saltatrix,5833,792723938.2
1979,Pseudotolithus spp,39696,792723938.2
1979,Pseudupeneus prayensis,3311,792723938.2
1979,Rajiformes,9950,792723938.2
1979,Sepia officinalis,3773,792723938.2
1979,Serranidae,10843,792723938.2
1979,Sparidae,32379,792723938.2
1979,Triglidae,622,792723938.2
1979,Trisopterus luscus,976,792723938.2
1980,Argyrosomus regius,1223,665656207.3
1980,Ariidae,13685,665656207.3
1980,Carangidae,10711,665656207.3
1980,Caranx hippos,9411,665656207.3
1980,Chloroscombrus chrysurus,4180,665656207.3
1980,Conger conger,1862,665656207.3
1980,Dentex spp,5721,665656207.3
1980,Elasmobranchii,32653,665656207.3
1980,Epinephelus spp,3710,665656207.3
1980,Galeoides decadactylus,10551,665656207.3
1980,Lutjanus spp,8907,665656207.3
1980,Mollusca,345,665656207.3
1980,Mullus spp,301,665656207.3
1980,Orcynopsis unicolor,698,665656207.3
1980,Osteichthyes,392077,665656207.3
1980,Pagellus erythrinus,612,665656207.3
1980,Pagellus spp,1763,665656207.3
1980,Pagrus spp,4902,665656207.3
1980,Pomadasys jubelini,804,665656207.3
1980,Pomatomus saltatrix,5873,665656207.3
1980,Pseudotolithus spp,39726,665656207.3
1980,Pseudupeneus prayensis,2978,665656207.3
1980,Rajiformes,4972,665656207.3
1980,Sepia officinalis,993,665656207.3
1980,Serranidae,17017,665656207.3
1980,Sparidae,27986,665656207.3
1980,Triglidae,651,665656207.3
1980,Trisopterus luscus,958,665656207.3
1981,Argyrosomus regius,958,590149362.3
1981,Ariidae,14845,590149362.3
1981,Auxis thazard,522,590149362.3
1981,Carangidae,7320,590149362.3
1981,Caranx hippos,7317,590149362.3
1981,Chloroscombrus chrysurus,3348,590149362.3
1981,Conger conger,1911,590149362.3
1981,Dentex spp,6439,590149362.3
1981,Elasmobranchii,21891,590149362.3
1981,Epinephelus spp,3531,590149362.3
1981,Galeoides decadactylus,9166,590149362.3
1981,Lutjanus spp,10824,590149362.3
1981,Mollusca,6972,590149362.3
1981,Mullus spp,230,590149362.3
1981,Orcynopsis unicolor,1448,590149362.3
1981,Osteichthyes,315886,590149362.3
1981,Pagellus erythrinus,1102,590149362.3
1981,Pagellus spp,6478,590149362.3
1981,Pagrus spp,6631,590149362.3
1981,Pomadasys jubelini,586,590149362.3
1981,Pomatomus saltatrix,3752,590149362.3
1981,Pseudotolithus spp,37645,590149362.3
1981,Pseudupeneus prayensis,2270,590149362.3
1981,Rajiformes,4931,590149362.3
1981,Sepia officinalis,338,590149362.3
1981,Serranidae,8812,590149362.3
1981,Sparidae,37358,590149362.3
1981,Triglidae,728,590149362.3
1981,Trisopterus luscus,924,590149362.3
1982,Argyrosomus regius,772,493692126.5
1982,Ariidae,18199,493692126.5
1982,Auxis thazard,558,493692126.5
1982,Carangidae,7954,493692126.5
1982,Caranx hippos,5512,493692126.5
1982,Chloroscombrus chrysurus,7255,493692126.5
1982,Conger conger,1676,493692126.5
1982,Dentex spp,8800,493692126.5
1982,Elasmobranchii,23831,493692126.5
1982,Epinephelus spp,2396,493692126.5
1982,Galeoides decadactylus,12410,493692126.5
1982,Lutjanus spp,11024,493692126.5
1982,Mollusca,6671,493692126.5
1982,Mullus spp,330,493692126.5
1982,Orcynopsis unicolor,584,493692126.5
1982,Osteichthyes,324369,493692126.5
1982,Pagellus erythrinus,940,493692126.5
1982,Pagellus spp,6184,493692126.5
1982,Pagrus spp,4794,493692126.5
1982,Pomadasys jubelini,484,493692126.5
1982,Pomatomus saltatrix,6917,493692126.5
1982,Pseudotolithus spp,38168,493692126.5
1982,Pseudupeneus prayensis,2999,493692126.5
1982,Rajiformes,5447,493692126.5
1982,Sepia officinalis,636,493692126.5
1982,Serranidae,8105,493692126.5
1982,Sparidae,35921,493692126.5
1982,Triglidae,1070,493692126.5
1982,Trisopterus luscus,1331,493692126.5
1983,Argyrosomus regius,659,624599481.3
1983,Ariidae,20633,624599481.3
1983,Auxis thazard,1125,624599481.3
1983,Carangidae,6965,624599481.3
1983,Caranx hippos,9589,624599481.3
1983,Chloroscombrus chrysurus,6971,624599481.3
1983,Conger conger,2196,624599481.3
1983,Dentex spp,5336,624599481.3
1983,Elasmobranchii,21611,624599481.3
1983,Epinephelus spp,1115,624599481.3
1983,Galeoides decadactylus,11656,624599481.3
1983,Lutjanus spp,10552,624599481.3
1983,Mollusca,11136,624599481.3
1983,Mullus spp,347,624599481.3
1983,Orcynopsis unicolor,38,624599481.3
1983,Osteichthyes,297501,624599481.3
1983,Pagellus erythrinus,2858,624599481.3
1983,Pagellus spp,4039,624599481.3
1983,Pagrus spp,4427,624599481.3
1983,Pomadasys jubelini,690,624599481.3
1983,Pomatomus saltatrix,12608,624599481.3
1983,Pseudotolithus spp,39964,624599481.3
1983,Pseudupeneus prayensis,2256,624599481.3
1983,Rajiformes,3632,624599481.3
1983,Sepia officinalis,745,624599481.3
1983,Serranidae,7377,624599481.3
1983,Sparidae,44034,624599481.3
1983,Triglidae,1135,624599481.3
1983,Trisopterus luscus,1017,624599481.3
1984,Argyrosomus regius,2956,539525991.6
1984,Ariidae,23374,539525991.6
1984,Auxis thazard,226,539525991.6
1984,Carangidae,9265,539525991.6
1984,Caranx hippos,7373,539525991.6
1984,Chloroscombrus chrysurus,4984,539525991.6
1984,Conger conger,2274,539525991.6
1984,Dentex spp,6984,539525991.6
1984,Elasmobranchii,25341,539525991.6
1984,Epinephelus spp,1223,539525991.6
1984,Galeoides decadactylus,11978,539525991.6
1984,Lutjanus spp,7310,539525991.6
1984,Mollusca,9441,539525991.6
1984,Mullus spp,214,539525991.6
1984,Orcynopsis unicolor,41,539525991.6
1984,Osteichthyes,273989,539525991.6
1984,Pagellus erythrinus,367,539525991.6
1984,Pagellus spp,2833,539525991.6
1984,Pagrus spp,3969,539525991.6
1984,Pomadasys jubelini,680,539525991.6
1984,Pomatomus saltatrix,3777,539525991.6
1984,Pseudotolithus spp,35237,539525991.6
1984,Pseudupeneus prayensis,2807,539525991.6
1984,Rajiformes,3233,539525991.6
1984,Sepia officinalis,982,539525991.6
1984,Serranidae,10452,539525991.6
1984,Sparidae,38269,539525991.6
1984,Triglidae,2596,539525991.6
1984,Trisopterus luscus,1678,539525991.6
1985,Argyrosomus regius,2865,592719490.4
1985,Ariidae,13289,592719490.4
1985,Auxis thazard,117,592719490.4
1985,Carangidae,6149,592719490.4
1985,Caranx hippos,1112,592719490.4
1985,Chloroscombrus chrysurus,5343,592719490.4
1985,Conger conger,1553,592719490.4
1985,Dentex spp,6935,592719490.4
1985,Elasmobranchii,27117,592719490.4
1985,Epinephelus spp,2342,592719490.4
1985,Galeoides decadactylus,13332,592719490.4
1985,Lutjanus spp,6003,592719490.4
1985,Mollusca,5841,592719490.4
1985,Mullus spp,217,592719490.4
1985,Orcynopsis unicolor,124,592719490.4
1985,Osteichthyes,309778,592719490.4
1985,Pagellus erythrinus,270,592719490.4
1985,Pagellus spp,2937,592719490.4
1985,Pagrus spp,3086,592719490.4
1985,Pomadasys jubelini,501,592719490.4
1985,Pomatomus saltatrix,4062,592719490.4
1985,Pseudotolithus spp,42491,592719490.4
1985,Pseudupeneus prayensis,2495,592719490.4
1985,Rajiformes,4070,592719490.4
1985,Sepia officinalis,843,592719490.4
1985,Serranidae,10356,592719490.4
1985,Sparidae,46824,592719490.4
1985,Triglidae,2976,592719490.4
1985,Trisopterus luscus,1748,592719490.4
1986,Argyrosomus regius,2382,861441716
1986,Ariidae,13108,861441716
1986,Auxis thazard,227,861441716
1986,Carangidae,7514,861441716
1986,Caranx hippos,4950,861441716
1986,Chloroscombrus chrysurus,18897,861441716
1986,Conger conger,1659,861441716
1986,Dentex spp,5964,861441716
1986,Elasmobranchii,19739,861441716
1986,Epinephelus spp,1728,861441716
1986,Galeoides decadactylus,14337,861441716
1986,Lutjanus spp,4906,861441716
1986,Mollusca,3455,861441716
1986,Mullus spp,167,861441716
1986,Orcynopsis unicolor,86,861441716
1986,Osteichthyes,343398,861441716
1986,Pagellus erythrinus,64,861441716
1986,Pagellus spp,2951,861441716
1986,Pagrus spp,1927,861441716
1986,Pomadasys jubelini,520,861441716
1986,Pomatomus saltatrix,3038,861441716
1986,Pseudotolithus spp,34681,861441716
1986,Pseudupeneus prayensis,3394,861441716
1986,Rajiformes,2335,861441716
1986,Sepia officinalis,887,861441716
1986,Serranidae,10070,861441716
1986,Sparidae,39013,861441716
1986,Triglidae,1748,861441716
1986,Trisopterus luscus,2259,861441716
1987,Argyrosomus regius,2739,1497322243
1987,Ariidae,13383,1497322243
1987,Auxis thazard,1543,1497322243
1987,Carangidae,7598,1497322243
1987,Caranx hippos,3278,1497322243
1987,Chloroscombrus chrysurus,13266,1497322243
1987,Conger conger,1471,1497322243
1987,Dentex spp,8527,1497322243
1987,Elasmobranchii,22441,1497322243
1987,Epinephelus spp,1183,1497322243
1987,Galeoides decadactylus,13849,1497322243
1987,Lutjanus spp,4576,1497322243
1987,Mollusca,8023,1497322243
1987,Mullus spp,388,1497322243
1987,Orcynopsis unicolor,538,1497322243
1987,Osteichthyes,305816,1497322243
1987,Pagellus erythrinus,35,1497322243
1987,Pagellus spp,1941,1497322243
1987,Pagrus spp,1521,1497322243
1987,Pomadasys jubelini,517,1497322243
1987,Pomatomus saltatrix,1744,1497322243
1987,Pseudotolithus spp,17143,1497322243
1987,Pseudupeneus prayensis,3618,1497322243
1987,Rajiformes,3602,1497322243
1987,Sepia officinalis,858,1497322243
1987,Serranidae,7806,1497322243
1987,Sparidae,47448,1497322243
1987,Triglidae,2429,1497322243
1987,Trisopterus luscus,2024,1497322243
1988,Argyrosomus regius,5707,650713323.2
1988,Ariidae,12645,650713323.2
1988,Auxis thazard,1906,650713323.2
1988,Carangidae,10118,650713323.2
1988,Caranx hippos,2902,650713323.2
1988,Chloroscombrus chrysurus,9090,650713323.2
1988,Conger conger,1828,650713323.2
1988,Dentex spp,12466,650713323.2
1988,Elasmobranchii,22878,650713323.2
1988,Epinephelus spp,2443,650713323.2
1988,Galeoides decadactylus,14485,650713323.2
1988,Lutjanus spp,3432,650713323.2
1988,Mollusca,5931,650713323.2
1988,Mullus spp,483,650713323.2
1988,Orcynopsis unicolor,1474,650713323.2
1988,Osteichthyes,285988,650713323.2
1988,Pagellus erythrinus,32,650713323.2
1988,Pagellus spp,1678,650713323.2
1988,Pagrus spp,2005,650713323.2
1988,Pomadasys jubelini,424,650713323.2
1988,Pomatomus saltatrix,1770,650713323.2
1988,Pseudotolithus spp,27339,650713323.2
1988,Pseudupeneus prayensis,3316,650713323.2
1988,Rajiformes,4367,650713323.2
1988,Sepia officinalis,778,650713323.2
1988,Serranidae,11001,650713323.2
1988,Sparidae,30783,650713323.2
1988,Triglidae,3574,650713323.2
1988,Trisopterus luscus,1542,650713323.2
1989,Argyrosomus regius,4086,706168352.3
1989,Ariidae,13285,706168352.3
1989,Auxis thazard,1505,706168352.3
1989,Carangidae,4270,706168352.3
1989,Caranx hippos,2154,706168352.3
1989,Chloroscombrus chrysurus,11662,706168352.3
1989,Conger conger,1831,706168352.3
1989,Dentex spp,9091,706168352.3
1989,Elasmobranchii,15856,706168352.3
1989,Epinephelus spp,1746,706168352.3
1989,Galeoides decadactylus,10105,706168352.3
1989,Lutjanus spp,8840,706168352.3
1989,Mollusca,10428,706168352.3
1989,Mullus spp,518,706168352.3
1989,Orcynopsis unicolor,1109,706168352.3
1989,Osteichthyes,305671,706168352.3
1989,Pagellus erythrinus,23,706168352.3
1989,Pagellus spp,1882,706168352.3
1989,Pagrus spp,3086,706168352.3
1989,Pomadasys jubelini,230,706168352.3
1989,Pomatomus saltatrix,1556,706168352.3
1989,Pseudotolithus spp,40079,706168352.3
1989,Pseudupeneus prayensis,4128,706168352.3
1989,Rajiformes,7376,706168352.3
1989,Sepia officinalis,1057,706168352.3
1989,Serranidae,11717,706168352.3
1989,Sparidae,25904,706168352.3
1989,Triglidae,2028,706168352.3
1989,Trisopterus luscus,1579,706168352.3
1990,Argyrosomus regius,2165,775062396.8
1990,Ariidae,12525,775062396.8
1990,Auxis thazard,1965,775062396.8
1990,Carangidae,3881,775062396.8
1990,Caranx hippos,5254,775062396.8
1990,Chloroscombrus chrysurus,17287,775062396.8
1990,Conger conger,2169,775062396.8
1990,Dentex spp,4586,775062396.8
1990,Elasmobranchii,16907,775062396.8
1990,Epinephelus spp,1344,775062396.8
1990,Galeoides decadactylus,11533,775062396.8
1990,Lutjanus spp,7309,775062396.8
1990,Mollusca,4628,775062396.8
1990,Mullus spp,520,775062396.8
1990,Orcynopsis unicolor,436,775062396.8
1990,Osteichthyes,359797,775062396.8
1990,Pagellus erythrinus,94,775062396.8
1990,Pagellus spp,1695,775062396.8
1990,Pagrus spp,5589,775062396.8
1990,Pomadasys jubelini,413,775062396.8
1990,Pomatomus saltatrix,1604,775062396.8
1990,Pseudotolithus spp,29595,775062396.8
1990,Pseudupeneus prayensis,2663,775062396.8
1990,Rajiformes,8532,775062396.8
1990,Sepia officinalis,855,775062396.8
1990,Serranidae,10086,775062396.8
1990,Sparidae,28423,775062396.8
1990,Triglidae,1970,775062396.8
1990,Trisopterus luscus,2884,775062396.8
1991,Argyrosomus regius,619,986729454.2
1991,Ariidae,8768,986729454.2
1991,Auxis thazard,3877,986729454.2
1991,Carangidae,4404,986729454.2
1991,Caranx hippos,4723,986729454.2
1991,Chloroscombrus chrysurus,14072,986729454.2
1991,Conger conger,2186,986729454.2
1991,Dentex spp,7390,986729454.2
1991,Elasmobranchii,12163,986729454.2
1991,Epinephelus spp,772,986729454.2
1991,Galeoides decadactylus,12542,986729454.2
1991,Lutjanus spp,5563,986729454.2
1991,Mollusca,831,986729454.2
1991,Mullus spp,404,986729454.2
1991,Orcynopsis unicolor,506,986729454.2
1991,Osteichthyes,249882,986729454.2
1991,Pagellus erythrinus,107,986729454.2
1991,Pagellus spp,1990,986729454.2
1991,Pagrus spp,4366,986729454.2
1991,Pomadasys jubelini,483,986729454.2
1991,Pomatomus saltatrix,1385,986729454.2
1991,Pseudotolithus spp,30154,986729454.2
1991,Pseudupeneus prayensis,3550,986729454.2
1991,Rajiformes,9718,986729454.2
1991,Sepia officinalis,1282,986729454.2
1991,Serranidae,6340,986729454.2
1991,Sparidae,33637,986729454.2
1991,Triglidae,2930,986729454.2
1991,Trisopterus luscus,2297,986729454.2
1992,Argyrosomus regius,572,968144777.1
1992,Ariidae,16459,968144777.1
1992,Auxis thazard,4078,968144777.1
1992,Carangidae,10309,968144777.1
1992,Caranx hippos,5321,968144777.1
1992,Chloroscombrus chrysurus,7353,968144777.1
1992,Conger conger,2485,968144777.1
1992,Dentex spp,8534,968144777.1
1992,Elasmobranchii,16870,968144777.1
1992,Epinephelus spp,552,968144777.1
1992,Galeoides decadactylus,9893,968144777.1
1992,Lutjanus spp,5812,968144777.1
1992,Mollusca,525,968144777.1
1992,Mullus spp,372,968144777.1
1992,Orcynopsis unicolor,465,968144777.1
1992,Osteichthyes,296844,968144777.1
1992,Pagellus erythrinus,107,968144777.1
1992,Pagellus spp,1994,968144777.1
1992,Pagrus spp,4354,968144777.1
1992,Pomadasys jubelini,327,968144777.1
1992,Pomatomus saltatrix,1492,968144777.1
1992,Pseudotolithus spp,30158,968144777.1
1992,Pseudupeneus prayensis,6221,968144777.1
1992,Rajiformes,9648,968144777.1
1992,Sepia officinalis,1606,968144777.1
1992,Serranidae,6134,968144777.1
1992,Sparidae,32655,968144777.1
1992,Triglidae,3613,968144777.1
1992,Trisopterus luscus,1922,968144777.1
1993,Argyrosomus regius,569,666945169.7
1993,Ariidae,11669,666945169.7
1993,Auxis thazard,9824,666945169.7
1993,Carangidae,15567,666945169.7
1993,Caranx hippos,4399,666945169.7
1993,Chloroscombrus chrysurus,13339,666945169.7
1993,Conger conger,2253,666945169.7
1993,Dentex spp,6309,666945169.7
1993,Elasmobranchii,16975,666945169.7
1993,Epinephelus spp,701,666945169.7
1993,Galeoides decadactylus,7228,666945169.7
1993,Lutjanus spp,4039,666945169.7
1993,Mollusca,3406,666945169.7
1993,Mullus spp,347,666945169.7
1993,Orcynopsis unicolor,378,666945169.7
1993,Osteichthyes,261662,666945169.7
1993,Pagellus erythrinus,69,666945169.7
1993,Pagellus spp,2342,666945169.7
1993,Pagrus spp,5319,666945169.7
1993,Pomadasys jubelini,366,666945169.7
1993,Pomatomus saltatrix,2397,666945169.7
1993,Pseudotolithus spp,21965,666945169.7
1993,Pseudupeneus prayensis,4502,666945169.7
1993,Rajiformes,8524,666945169.7
1993,Sepia officinalis,1515,666945169.7
1993,Serranidae,7746,666945169.7
1993,Sparidae,30500,666945169.7
1993,Triglidae,3832,666945169.7
1993,Trisopterus luscus,1937,666945169.7
1994,Argyrosomus regius,932,896098577.1
1994,Ariidae,18552,896098577.1
1994,Auxis thazard,3516,896098577.1
1994,Carangidae,12197,896098577.1
1994,Caranx hippos,5603,896098577.1
1994,Chloroscombrus chrysurus,6524,896098577.1
1994,Conger conger,2307,896098577.1
1994,Dentex spp,4063,896098577.1
1994,Elasmobranchii,18713,896098577.1
1994,Epinephelus spp,564,896098577.1
1994,Galeoides decadactylus,8500,896098577.1
1994,Lutjanus spp,4789,896098577.1
1994,Mollusca,564,896098577.1
1994,Mullus spp,319,896098577.1
1994,Orcynopsis unicolor,615,896098577.1
1994,Osteichthyes,237288,896098577.1
1994,Pagellus erythrinus,17,896098577.1
1994,Pagellus spp,2581,896098577.1
1994,Pagrus spp,3942,896098577.1
1994,Pomadasys jubelini,408,896098577.1
1994,Pomatomus saltatrix,1694,896098577.1
1994,Pseudotolithus spp,22151,896098577.1
1994,Pseudupeneus prayensis,5174,896098577.1
1994,Rajiformes,11649,896098577.1
1994,Sepia officinalis,1485,896098577.1
1994,Serranidae,9108,896098577.1
1994,Sparidae,23091,896098577.1
1994,Triglidae,3569,896098577.1
1994,Trisopterus luscus,1797,896098577.1
1995,Argyrosomus regius,917,735193256.6
1995,Ariidae,24727,735193256.6
1995,Auxis thazard,2315,735193256.6
1995,Carangidae,11538,735193256.6
1995,Caranx hippos,4422,735193256.6
1995,Chloroscombrus chrysurus,4103,735193256.6
1995,Conger conger,2114,735193256.6
1995,Dentex spp,7446,735193256.6
1995,Elasmobranchii,16426,735193256.6
1995,Epinephelus spp,961,735193256.6
1995,Galeoides decadactylus,12667,735193256.6
1995,Lutjanus spp,5292,735193256.6
1995,Mollusca,1794,735193256.6
1995,Mullus spp,431,735193256.6
1995,Orcynopsis unicolor,588,735193256.6
1995,Osteichthyes,418157,735193256.6
1995,Pagellus erythrinus,7,735193256.6
1995,Pagellus spp,3616,735193256.6
1995,Pagrus spp,3800,735193256.6
1995,Pomadasys jubelini,1101,735193256.6
1995,Pomatomus saltatrix,589,735193256.6
1995,Pseudotolithus spp,20841,735193256.6
1995,Pseudupeneus prayensis,1619,735193256.6
1995,Rajiformes,11723,735193256.6
1995,Sepia officinalis,1277,735193256.6
1995,Serranidae,7529,735193256.6
1995,Sparidae,20709,735193256.6
1995,Triglidae,2034,735193256.6
1995,Trisopterus luscus,2083,735193256.6
1996,Argyrosomus regius,1097,743989658.7
1996,Ariidae,26256,743989658.7
1996,Auxis thazard,8077,743989658.7
1996,Carangidae,7842,743989658.7
1996,Caranx hippos,2884,743989658.7
1996,Chloroscombrus chrysurus,3772,743989658.7
1996,Conger conger,2882,743989658.7
1996,Dentex spp,4940,743989658.7
1996,Elasmobranchii,24521,743989658.7
1996,Epinephelus spp,1162,743989658.7
1996,Galeoides decadactylus,17645,743989658.7
1996,Lutjanus spp,5813,743989658.7
1996,Mollusca,732,743989658.7
1996,Mullus spp,544,743989658.7
1996,Orcynopsis unicolor,2064,743989658.7
1996,Osteichthyes,298182,743989658.7
1996,Pagellus erythrinus,20,743989658.7
1996,Pagellus spp,3740,743989658.7
1996,Pagrus spp,4625,743989658.7
1996,Pomadasys jubelini,1439,743989658.7
1996,Pomatomus saltatrix,2812,743989658.7
1996,Pseudotolithus spp,26305,743989658.7
1996,Pseudupeneus prayensis,7126,743989658.7
1996,Rajiformes,11988,743989658.7
1996,Sepia officinalis,1094,743989658.7
1996,Serranidae,5958,743989658.7
1996,Sparidae,21647,743989658.7
1996,Triglidae,2329,743989658.7
1996,Trisopterus luscus,765,743989658.7
1997,Argyrosomus regius,1032,1079972622
1997,Ariidae,31970,1079972622
1997,Auxis thazard,6763,1079972622
1997,Carangidae,8781,1079972622
1997,Caranx hippos,2249,1079972622
1997,Chloroscombrus chrysurus,5273,1079972622
1997,Conger conger,2005,1079972622
1997,Dentex spp,4446,1079972622
1997,Elasmobranchii,40491,1079972622
1997,Epinephelus spp,824,1079972622
1997,Galeoides decadactylus,18256,1079972622
1997,Lutjanus spp,8319,1079972622
1997,Mollusca,1474,1079972622
1997,Mullus spp,575,1079972622
1997,Orcynopsis unicolor,254,1079972622
1997,Osteichthyes,295093,1079972622
1997,Pagellus erythrinus,40,1079972622
1997,Pagellus spp,1215,1079972622
1997,Pagrus spp,5194,1079972622
1997,Pomadasys jubelini,1535,1079972622
1997,Pomatomus saltatrix,2876,1079972622
1997,Pseudotolithus spp,22606,1079972622
1997,Pseudupeneus prayensis,3277,1079972622
1997,Rajiformes,14389,1079972622
1997,Sepia officinalis,806,1079972622
1997,Serranidae,6710,1079972622
1997,Sparidae,23486,1079972622
1997,Triglidae,2326,1079972622
1997,Trisopterus luscus,388,1079972622
1998,Argyrosomus regius,993,762579523.6
1998,Ariidae,26715,762579523.6
1998,Auxis thazard,6895,762579523.6
1998,Carangidae,11490,762579523.6
1998,Caranx hippos,2946,762579523.6
1998,Chloroscombrus chrysurus,8421,762579523.6
1998,Conger conger,2155,762579523.6
1998,Dentex spp,4178,762579523.6
1998,Elasmobranchii,22966,762579523.6
1998,Epinephelus spp,2051,762579523.6
1998,Galeoides decadactylus,12950,762579523.6
1998,Lutjanus spp,11760,762579523.6
1998,Mollusca,12584,762579523.6
1998,Mullus spp,441,762579523.6
1998,Orcynopsis unicolor,46,762579523.6
1998,Osteichthyes,270090,762579523.6
1998,Pagellus erythrinus,141,762579523.6
1998,Pagellus spp,2303,762579523.6
1998,Pagrus spp,4624,762579523.6
1998,Pomadasys jubelini,1293,762579523.6
1998,Pomatomus saltatrix,3750,762579523.6
1998,Pseudotolithus spp,26167,762579523.6
1998,Pseudupeneus prayensis,2560,762579523.6
1998,Rajiformes,14185,762579523.6
1998,Sepia officinalis,603,762579523.6
1998,Serranidae,5948,762579523.6
1998,Sparidae,24715,762579523.6
1998,Triglidae,3556,762579523.6
1998,Trisopterus luscus,138,762579523.6
1999,Argyrosomus regius,1080,935359049.8
1999,Ariidae,29696,935359049.8
1999,Auxis thazard,8718,935359049.8
1999,Carangidae,13396,935359049.8
1999,Caranx hippos,3976,935359049.8
1999,Chloroscombrus chrysurus,8733,935359049.8
1999,Conger conger,1641,935359049.8
1999,Dentex spp,3871,935359049.8
1999,Elasmobranchii,25073,935359049.8
1999,Epinephelus spp,755,935359049.8
1999,Galeoides decadactylus,11027,935359049.8
1999,Lutjanus spp,13070,935359049.8
1999,Mollusca,2248,935359049.8
1999,Mullus spp,460,935359049.8
1999,Orcynopsis unicolor,651,935359049.8
1999,Osteichthyes,327766,935359049.8
1999,Pagellus erythrinus,205,935359049.8
1999,Pagellus spp,3709,935359049.8
1999,Pagrus spp,3102,935359049.8
1999,Pomadasys jubelini,1255,935359049.8
1999,Pomatomus saltatrix,1302,935359049.8
1999,Pseudotolithus spp,23902,935359049.8
1999,Pseudupeneus prayensis,2426,935359049.8
1999,Rajiformes,14928,935359049.8
1999,Sepia officinalis,548,935359049.8
1999,Serranidae,6448,935359049.8
1999,Sparidae,29781,935359049.8
1999,Triglidae,3322,935359049.8
1999,Trisopterus luscus,573,935359049.8
2000,Argyrosomus regius,1017,986710691.9
2000,Ariidae,33155,986710691.9
2000,Auxis thazard,10386,986710691.9
2000,Carangidae,14581,986710691.9
2000,Caranx hippos,159,986710691.9
2000,Chloroscombrus chrysurus,8237,986710691.9
2000,Conger conger,1213,986710691.9
2000,Dentex spp,2888,986710691.9
2000,Elasmobranchii,24805,986710691.9
2000,Epinephelus spp,456,986710691.9
2000,Galeoides decadactylus,14094,986710691.9
2000,Lutjanus spp,10374,986710691.9
2000,Mollusca,199,986710691.9
2000,Mullus spp,899,986710691.9
2000,Orcynopsis unicolor,1062,986710691.9
2000,Osteichthyes,256784,986710691.9
2000,Pagellus erythrinus,8437,986710691.9
2000,Pagellus spp,2251,986710691.9
2000,Pagrus spp,2513,986710691.9
2000,Pomadasys jubelini,1176,986710691.9
2000,Pomatomus saltatrix,1030,986710691.9
2000,Pseudotolithus spp,23701,986710691.9
2000,Pseudupeneus prayensis,2391,986710691.9
2000,Rajiformes,11426,986710691.9
2000,Sepia officinalis,233,986710691.9
2000,Serranidae,5995,986710691.9
2000,Sparidae,13950,986710691.9
2000,Triglidae,4937,986710691.9
2000,Trisopterus luscus,1216,986710691.9
2001,Argyrosomus regius,1030,911702501.1
2001,Ariidae,37368,911702501.1
2001,Auxis thazard,10310,911702501.1
2001,Carangidae,9630,911702501.1
2001,Caranx hippos,2617,911702501.1
2001,Chloroscombrus chrysurus,11948,911702501.1
2001,Conger conger,1165,911702501.1
2001,Dentex spp,2814,911702501.1
2001,Elasmobranchii,22152,911702501.1
2001,Epinephelus spp,512,911702501.1
2001,Galeoides decadactylus,17166,911702501.1
2001,Lutjanus spp,10114,911702501.1
2001,Mollusca,310,911702501.1
2001,Mullus spp,1090,911702501.1
2001,Orcynopsis unicolor,866,911702501.1
2001,Osteichthyes,291336,911702501.1
2001,Pagellus erythrinus,8602,911702501.1
2001,Pagellus spp,1912,911702501.1
2001,Pagrus spp,4995,911702501.1
2001,Pomadasys jubelini,1662,911702501.1
2001,Pomatomus saltatrix,1723,911702501.1
2001,Pseudotolithus spp,25500,911702501.1
2001,Pseudupeneus prayensis,3682,911702501.1
2001,Rajiformes,12958,911702501.1
2001,Sepia officinalis,730,911702501.1
2001,Serranidae,6905,911702501.1
2001,Sparidae,14631,911702501.1
2001,Triglidae,4423,911702501.1
2001,Trisopterus luscus,1566,911702501.1
2002,Argyrosomus regius,1976,1217877731
2002,Ariidae,42731,1217877731
2002,Auxis thazard,8212,1217877731
2002,Carangidae,6264,1217877731
2002,Caranx hippos,2968,1217877731
2002,Chloroscombrus chrysurus,15249,1217877731
2002,Conger conger,1300,1217877731
2002,Dentex spp,3754,1217877731
2002,Elasmobranchii,23210,1217877731
2002,Epinephelus spp,657,1217877731
2002,Galeoides decadactylus,14519,1217877731
2002,Lutjanus spp,10844,1217877731
2002,Mollusca,2574,1217877731
2002,Mullus spp,1000,1217877731
2002,Orcynopsis unicolor,809,1217877731
2002,Osteichthyes,219942,1217877731
2002,Pagellus erythrinus,9290,1217877731
2002,Pagellus spp,2100,1217877731
2002,Pagrus spp,4105,1217877731
2002,Pomadasys jubelini,2113,1217877731
2002,Pomatomus saltatrix,7405,1217877731
2002,Pseudotolithus spp,24239,1217877731
2002,Pseudupeneus prayensis,3529,1217877731
2002,Rajiformes,11740,1217877731
2002,Sepia officinalis,1320,1217877731
2002,Serranidae,5704,1217877731
2002,Sparidae,10105,1217877731
2002,Triglidae,3701,1217877731
2002,Trisopterus luscus,1163,1217877731
2003,Argyrosomus regius,1388,980783696.3
2003,Ariidae,46430,980783696.3
2003,Auxis thazard,2199,980783696.3
2003,Carangidae,7334,980783696.3
2003,Caranx hippos,4678,980783696.3
2003,Chloroscombrus chrysurus,15334,980783696.3
2003,Conger conger,2083,980783696.3
2003,Dentex spp,4773,980783696.3
2003,Elasmobranchii,24709,980783696.3
2003,Epinephelus spp,1112,980783696.3
2003,Galeoides decadactylus,16172,980783696.3
2003,Lutjanus spp,9995,980783696.3
2003,Mollusca,3146,980783696.3
2003,Mullus spp,666,980783696.3
2003,Orcynopsis unicolor,715,980783696.3
2003,Osteichthyes,242010,980783696.3
2003,Pagellus erythrinus,7627,980783696.3
2003,Pagellus spp,1387,980783696.3
2003,Pagrus spp,3658,980783696.3
2003,Pomadasys jubelini,2245,980783696.3
2003,Pomatomus saltatrix,4475,980783696.3
2003,Pseudotolithus spp,28805,980783696.3
2003,Pseudupeneus prayensis,2229,980783696.3
2003,Rajiformes,11941,980783696.3
2003,Sepia officinalis,1043,980783696.3
2003,Serranidae,5711,980783696.3
2003,Sparidae,6666,980783696.3
2003,Triglidae,2880,980783696.3
2003,Trisopterus luscus,2338,980783696.3
2004,Argyrosomus regius,1755,876272634.3
2004,Ariidae,52760,876272634.3
2004,Auxis thazard,2770,876272634.3
2004,Carangidae,6743,876272634.3
2004,Caranx hippos,9215,876272634.3
2004,Chloroscombrus chrysurus,12355,876272634.3
2004,Conger conger,2205,876272634.3
2004,Dentex spp,3288,876272634.3
2004,Elasmobranchii,20054,876272634.3
2004,Epinephelus spp,1001,876272634.3
2004,Galeoides decadactylus,13921,876272634.3
2004,Lutjanus spp,10616,876272634.3
2004,Mollusca,1334,876272634.3
2004,Mullus spp,634,876272634.3
2004,Orcynopsis unicolor,638,876272634.3
2004,Osteichthyes,269143,876272634.3
2004,Pagellus erythrinus,4697,876272634.3
2004,Pagellus spp,1458,876272634.3
2004,Pagrus spp,931,876272634.3
2004,Pomadasys jubelini,1741,876272634.3
2004,Pomatomus saltatrix,1807,876272634.3
2004,Pseudotolithus spp,29138,876272634.3
2004,Pseudupeneus prayensis,1418,876272634.3
2004,Rajiformes,14348,876272634.3
2004,Sepia officinalis,529,876272634.3
2004,Serranidae,3975,876272634.3
2004,Sparidae,6999,876272634.3
2004,Triglidae,2420,876272634.3
2004,Trisopterus luscus,1699,876272634.3
2005,Argyrosomus regius,2078,1248517742
2005,Ariidae,60928,1248517742
2005,Auxis thazard,2590,1248517742
2005,Carangidae,8137,1248517742
2005,Caranx hippos,8300,1248517742
2005,Chloroscombrus chrysurus,12011,1248517742
2005,Conger conger,1739,1248517742
2005,Dentex spp,5673,1248517742
2005,Elasmobranchii,30828,1248517742
2005,Epinephelus spp,1822,1248517742
2005,Galeoides decadactylus,13035,1248517742
2005,Lutjanus spp,10904,1248517742
2005,Mollusca,1931,1248517742
2005,Mullus spp,598,1248517742
2005,Orcynopsis unicolor,722,1248517742
2005,Osteichthyes,354903,1248517742
2005,Pagellus erythrinus,2983,1248517742
2005,Pagellus spp,1401,1248517742
2005,Pagrus spp,2512,1248517742
2005,Pomadasys jubelini,2560,1248517742
2005,Pomatomus saltatrix,2006,1248517742
2005,Pseudotolithus spp,30420,1248517742
2005,Pseudupeneus prayensis,974,1248517742
2005,Rajiformes,12707,1248517742
2005,Sepia officinalis,435,1248517742
2005,Serranidae,3329,1248517742
2005,Sparidae,10600,1248517742
2005,Triglidae,3048,1248517742
2005,Trisopterus luscus,1745,1248517742
2006,Argyrosomus regius,1821,942187638.7
2006,Ariidae,52216,942187638.7
2006,Auxis thazard,1978,942187638.7
2006,Carangidae,9036,942187638.7
2006,Caranx hippos,6165,942187638.7
2006,Chloroscombrus chrysurus,15410,942187638.7
2006,Conger conger,1509,942187638.7
2006,Dentex spp,5884,942187638.7
2006,Elasmobranchii,20100,942187638.7
2006,Epinephelus spp,1529,942187638.7
2006,Galeoides decadactylus,18568,942187638.7
2006,Lutjanus spp,14583,942187638.7
2006,Mollusca,1116,942187638.7
2006,Mullus spp,544,942187638.7
2006,Orcynopsis unicolor,1260,942187638.7
2006,Osteichthyes,263308,942187638.7
2006,Pagellus erythrinus,4368,942187638.7
2006,Pagellus spp,1076,942187638.7
2006,Pagrus spp,2561,942187638.7
2006,Pomadasys jubelini,2324,942187638.7
2006,Pomatomus saltatrix,1362,942187638.7
2006,Pseudotolithus spp,30409,942187638.7
2006,Pseudupeneus prayensis,2302,942187638.7
2006,Rajiformes,14820,942187638.7
2006,Sepia officinalis,480,942187638.7
2006,Serranidae,4580,942187638.7
2006,Sparidae,11664,942187638.7
2006,Triglidae,3150,942187638.7
2006,Trisopterus luscus,1815,942187638.7
2007,Argyrosomus regius,2411,770575617.6
2007,Ariidae,47815,770575617.6
2007,Auxis thazard,2222,770575617.6
2007,Carangidae,9782,770575617.6
2007,Caranx hippos,6789,770575617.6
2007,Chloroscombrus chrysurus,16372,770575617.6
2007,Conger conger,1714,770575617.6
2007,Dentex spp,6325,770575617.6
2007,Elasmobranchii,22977,770575617.6
2007,Epinephelus spp,1548,770575617.6
2007,Galeoides decadactylus,17442,770575617.6
2007,Lutjanus spp,12855,770575617.6
2007,Mollusca,1103,770575617.6
2007,Mullus spp,389,770575617.6
2007,Orcynopsis unicolor,1044,770575617.6
2007,Osteichthyes,281961,770575617.6
2007,Pagellus erythrinus,568,770575617.6
2007,Pagellus spp,1383,770575617.6
2007,Pagrus spp,2397,770575617.6
2007,Pomadasys jubelini,3099,770575617.6
2007,Pomatomus saltatrix,366,770575617.6
2007,Pseudotolithus spp,22766,770575617.6
2007,Pseudupeneus prayensis,3077,770575617.6
2007,Rajiformes,14030,770575617.6
2007,Sepia officinalis,194,770575617.6
2007,Serranidae,4053,770575617.6
2007,Sparidae,11638,770575617.6
2007,Triglidae,2458,770575617.6
2007,Trisopterus luscus,1514,770575617.6
2008,Argyrosomus regius,2133,879663351.6
2008,Ariidae,56228,879663351.6
2008,Auxis thazard,1836,879663351.6
2008,Carangidae,10645,879663351.6
2008,Caranx hippos,13064,879663351.6
2008,Chloroscombrus chrysurus,19948,879663351.6
2008,Conger conger,1472,879663351.6
2008,Dentex spp,4458,879663351.6
2008,Elasmobranchii,26290,879663351.6
2008,Epinephelus spp,1684,879663351.6
2008,Galeoides decadactylus,16811,879663351.6
2008,Lutjanus spp,12375,879663351.6
2008,Mollusca,1019,879663351.6
2008,Mullus spp,614,879663351.6
2008,Orcynopsis unicolor,424,879663351.6
2008,Osteichthyes,226366,879663351.6
2008,Pagellus erythrinus,383,879663351.6
2008,Pagellus spp,784,879663351.6
2008,Pagrus spp,4134,879663351.6
2008,Pomadasys jubelini,3755,879663351.6
2008,Pomatomus saltatrix,442,879663351.6
2008,Pseudotolithus spp,25767,879663351.6
2008,Pseudupeneus prayensis,3925,879663351.6
2008,Rajiformes,14531,879663351.6
2008,Sepia officinalis,199,879663351.6
2008,Serranidae,5218,879663351.6
2008,Sparidae,12440,879663351.6
2008,Triglidae,10266,879663351.6
2008,Trisopterus luscus,1147,879663351.6
2009,Argyrosomus regius,2485,961912606.5
2009,Ariidae,60095,961912606.5
2009,Auxis thazard,2986,961912606.5
2009,Carangidae,12741,961912606.5
2009,Caranx hippos,2309,961912606.5
2009,Chloroscombrus chrysurus,11559,961912606.5
2009,Conger conger,1521,961912606.5
2009,Dentex spp,3951,961912606.5
2009,Elasmobranchii,29970,961912606.5
2009,Epinephelus spp,2412,961912606.5
2009,Galeoides decadactylus,20116,961912606.5
2009,Lutjanus spp,12762,961912606.5
2009,Mollusca,1015,961912606.5
2009,Mullus spp,927,961912606.5
2009,Orcynopsis unicolor,438,961912606.5
2009,Osteichthyes,226829,961912606.5
2009,Pagellus erythrinus,608,961912606.5
2009,Pagellus spp,1259,961912606.5
2009,Pagrus spp,5267,961912606.5
2009,Pomadasys jubelini,4530,961912606.5
2009,Pomatomus saltatrix,268,961912606.5
2009,Pseudotolithus spp,27705,961912606.5
2009,Pseudupeneus prayensis,4866,961912606.5
2009,Rajiformes,15901,961912606.5
2009,Sepia officinalis,189,961912606.5
2009,Serranidae,7335,961912606.5
2009,Sparidae,14339,961912606.5
2009,Triglidae,3371,961912606.5
2009,Trisopterus luscus,993,961912606.5
2010,Argyrosomus regius,3595,913827620
2010,Ariidae,54918,913827620
2010,Auxis thazard,2466,913827620
2010,Carangidae,14186,913827620
2010,Caranx hippos,8317,913827620
2010,Chloroscombrus chrysurus,15396,913827620
2010,Conger conger,1504,913827620
2010,Dentex spp,4887,913827620
2010,Elasmobranchii,34522,913827620
2010,Epinephelus spp,2109,913827620
2010,Galeoides decadactylus,17667,913827620
2010,Lutjanus spp,12025,913827620
2010,Mollusca,896,913827620
2010,Mullus spp,1231,913827620
2010,Orcynopsis unicolor,271,913827620
2010,Osteichthyes,173139.855,913827620
2010,Pagellus erythrinus,1274,913827620
2010,Pagellus spp,3047,913827620
2010,Pagrus spp,5606,913827620
2010,Pomadasys jubelini,4567,913827620
2010,Pomatomus saltatrix,403,913827620
2010,Pseudotolithus spp,29885,913827620
2010,Pseudupeneus prayensis,4144,913827620
2010,Rajiformes,13933,913827620
2010,Sepia officinalis,116,913827620
2010,Serranidae,7942,913827620
2010,Sparidae,11899,913827620
2010,Triglidae,1406,913827620
2010,Trisopterus luscus,478,913827620
2011,Argyrosomus regius,1952,1586227974
2011,Ariidae,60767,1586227974
2011,Auxis thazard,3312.18,1586227974
2011,Carangidae,18930,1586227974
2011,Caranx hippos,13311,1586227974
2011,Chloroscombrus chrysurus,22628,1586227974
2011,Conger conger,1411,1586227974
2011,Dentex spp,4306,1586227974
2011,Elasmobranchii,26490.329,1586227974
2011,Epinephelus spp,2084,1586227974
2011,Galeoides decadactylus,20730,1586227974
2011,Lutjanus spp,11616,1586227974
2011,Mollusca,907,1586227974
2011,Mullus spp,1310,1586227974
2011,Orcynopsis unicolor,115,1586227974
2011,Osteichthyes,226099.017,1586227974
2011,Pagellus erythrinus,1800,1586227974
2011,Pagellus spp,1743,1586227974
2011,Pagrus spp,6220,1586227974
2011,Pomadasys jubelini,4751,1586227974
2011,Pomatomus saltatrix,5011,1586227974
2011,Pseudotolithus spp,34256,1586227974
2011,Pseudupeneus prayensis,7289,1586227974
2011,Rajiformes,17003,1586227974
2011,Sepia officinalis,123,1586227974
2011,Serranidae,5088,1586227974
2011,Sparidae,21185,1586227974
2011,Triglidae,2097,1586227974
2011,Trisopterus luscus,335,1586227974
2012,Argyrosomus regius,3435.787,1632288935
2012,Ariidae,53413.188,1632288935
2012,Auxis thazard,4804.475,1632288935
2012,Carangidae,18675,1632288935
2012,Caranx hippos,12355.398,1632288935
2012,Chloroscombrus chrysurus,30423.294,1632288935
2012,Conger conger,1448,1632288935
2012,Dentex spp,3196.882,1632288935
2012,Elasmobranchii,27904.544,1632288935
2012,Epinephelus spp,2263.264,1632288935
2012,Galeoides decadactylus,23780.58,1632288935
2012,Lutjanus spp,11541.66,1632288935
2012,Mollusca,1855,1632288935
2012,Mullus spp,1103,1632288935
2012,Orcynopsis unicolor,14,1632288935
2012,Osteichthyes,170079.932,1632288935
2012,Pagellus erythrinus,10808,1632288935
2012,Pagellus spp,1963,1632288935
2012,Pagrus spp,2744.543,1632288935
2012,Pomadasys jubelini,5031.523,1632288935
2012,Pomatomus saltatrix,5866,1632288935
2012,Pseudotolithus spp,38105.815,1632288935
2012,Pseudupeneus prayensis,7671.054,1632288935
2012,Rajiformes,15146.206,1632288935
2012,Sepia officinalis,96,1632288935
2012,Serranidae,5628,1632288935
2012,Sparidae,26650.257,1632288935
2012,Triglidae,1762.639,1632288935
2012,Trisopterus luscus,634,1632288935
2013,Argyrosomus regius,4132,914943726.5
2013,Ariidae,57364,914943726.5
2013,Auxis thazard,8018.581,914943726.5
2013,Carangidae,24815,914943726.5
2013,Caranx hippos,11102,914943726.5
2013,Chloroscombrus chrysurus,35300,914943726.5
2013,Conger conger,1549,914943726.5
2013,Dentex spp,4223,914943726.5
2013,Elasmobranchii,36394.174,914943726.5
2013,Epinephelus spp,2218,914943726.5
2013,Galeoides decadactylus,20523,914943726.5
2013,Lutjanus spp,13194,914943726.5
2013,Mollusca,999,914943726.5
2013,Mullus spp,1369,914943726.5
2013,Orcynopsis unicolor,84.87,914943726.5
2013,Osteichthyes,198855.175,914943726.5
2013,Pagellus erythrinus,3851,914943726.5
2013,Pagellus spp,2077,914943726.5
2013,Pagrus spp,3926,914943726.5
2013,Pomadasys jubelini,8382,914943726.5
2013,Pomatomus saltatrix,663,914943726.5
2013,Pseudotolithus spp,45224,914943726.5
2013,Pseudupeneus prayensis,11304,914943726.5
2013,Rajiformes,14028,914943726.5
2013,Sepia officinalis,134,914943726.5
2013,Serranidae,7245,914943726.5
2013,Sparidae,29138,914943726.5
2013,Triglidae,1403,914943726.5
2013,Trisopterus luscus,908,914943726.5
2014,Argyrosomus regius,6068.964,997313464.2
2014,Ariidae,57273,997313464.2
2014,Auxis thazard,9053.987,997313464.2
2014,Carangidae,11947,997313464.2
2014,Caranx hippos,24357.224,997313464.2
2014,Chloroscombrus chrysurus,34607.428,997313464.2
2014,Conger conger,1835,997313464.2
2014,Dentex spp,3880.878,997313464.2
2014,Elasmobranchii,30562.077,997313464.2
2014,Epinephelus spp,3021.472,997313464.2
2014,Galeoides decadactylus,19598.704,997313464.2
2014,Lutjanus spp,13728.734,997313464.2
2014,Mollusca,995,997313464.2
2014,Mullus spp,1685,997313464.2
2014,Orcynopsis unicolor,71.84,997313464.2
2014,Osteichthyes,207808.635,997313464.2
2014,Pagellus erythrinus,4173,997313464.2
2014,Pagellus spp,2658,997313464.2
2014,Pagrus spp,4804.96,997313464.2
2014,Pomadasys jubelini,5202.589,997313464.2
2014,Pomatomus saltatrix,1573,997313464.2
2014,Pseudotolithus spp,48372.465,997313464.2
2014,Pseudupeneus prayensis,13974.354,997313464.2
2014,Rajiformes,14233.199,997313464.2
2014,Sepia officinalis,93,997313464.2
2014,Serranidae,6878,997313464.2
2014,Sparidae,27561.079,997313464.2
2014,Triglidae,3338.95,997313464.2
2014,Trisopterus luscus,976,997313464.2
2015,Argyrosomus regius,4279,939463604.5
2015,Ariidae,58157,939463604.5
2015,Auxis thazard,6642.762,939463604.5
2015,Carangidae,15127,939463604.5
2015,Caranx hippos,17687,939463604.5
2015,Chloroscombrus chrysurus,26851,939463604.5
2015,Conger conger,1419,939463604.5
2015,Dentex spp,3863,939463604.5
2015,Elasmobranchii,31691.495,939463604.5
2015,Epinephelus spp,2114,939463604.5
2015,Galeoides decadactylus,26357,939463604.5
2015,Lutjanus spp,15162,939463604.5
2015,Mollusca,3176,939463604.5
2015,Mullus spp,1307,939463604.5
2015,Orcynopsis unicolor,47.994,939463604.5
2015,Osteichthyes,187716.282,939463604.5
2015,Pagellus erythrinus,2731,939463604.5
2015,Pagellus spp,4212,939463604.5
2015,Pagrus spp,3604,939463604.5
2015,Pomadasys jubelini,5374,939463604.5
2015,Pomatomus saltatrix,1520,939463604.5
2015,Pseudotolithus spp,50797,939463604.5
2015,Pseudupeneus prayensis,14813,939463604.5
2015,Rajiformes,14840,939463604.5
2015,Sepia officinalis,27,939463604.5
2015,Serranidae,6805,939463604.5
2015,Sparidae,29880,939463604.5
2015,Triglidae,6377,939463604.5
2015,Trisopterus luscus,1129,939463604.5
2016,Argyrosomus regius,2480,NA
2016,Ariidae,74460,NA
2016,Auxis thazard,5031.929,NA
2016,Carangidae,15777,NA
2016,Caranx hippos,17455,NA
2016,Chloroscombrus chrysurus,30273,NA
2016,Conger conger,1240,NA
2016,Dentex spp,4611,NA
2016,Elasmobranchii,25136.987,NA
2016,Epinephelus spp,2935,NA
2016,Galeoides decadactylus,27317,NA
2016,Lutjanus spp,13000,NA
2016,Mollusca,1517,NA
2016,Mullus spp,1027,NA
2016,Orcynopsis unicolor,78.4,NA
2016,Osteichthyes,190134.639,NA
2016,Pagellus erythrinus,1245,NA
2016,Pagellus spp,4528,NA
2016,Pagrus spp,3077,NA
2016,Pomadasys jubelini,7205,NA
2016,Pomatomus saltatrix,1020,NA
2016,Pseudotolithus spp,50724,NA
2016,Pseudupeneus prayensis,13759,NA
2016,Rajiformes,17417,NA
2016,Sepia officinalis,0.01,NA
2016,Serranidae,7194,NA
2016,Sparidae,30825,NA
2016,Triglidae,5868,NA
2016,Trisopterus luscus,997,NA
2017,Argyrosomus regius,6411,NA
2017,Ariidae,65244,NA
2017,Auxis thazard,4648.728,NA
2017,Carangidae,8430,NA
2017,Caranx hippos,6921,NA
2017,Chloroscombrus chrysurus,49177,NA
2017,Conger conger,1355,NA
2017,Dentex spp,3504,NA
2017,Elasmobranchii,31108.781,NA
2017,Epinephelus spp,4504,NA
2017,Galeoides decadactylus,33384,NA
2017,Lutjanus spp,16867,NA
2017,Mollusca,1172,NA
2017,Mullus spp,3947,NA
2017,Orcynopsis unicolor,73.84,NA
2017,Osteichthyes,327033.665,NA
2017,Pagellus erythrinus,1237,NA
2017,Pagellus spp,5547,NA
2017,Pagrus spp,3094,NA
2017,Pomadasys jubelini,8293,NA
2017,Pomatomus saltatrix,1255,NA
2017,Pseudotolithus spp,58570,NA
2017,Pseudupeneus prayensis,6077,NA
2017,Rajiformes,16768,NA
2017,Sepia officinalis,0.01,NA
2017,Serranidae,11662,NA
2017,Sparidae,31541.807,NA
2017,Triglidae,4297,NA
2017,Trisopterus luscus,689,NA
2018,Argyrosomus regius,6625,NA
2018,Ariidae,66273,NA
2018,Auxis thazard,6532,NA
2018,Carangidae,34319,NA
2018,Caranx hippos,5442,NA
2018,Chloroscombrus chrysurus,26783,NA
2018,Conger conger,1201,NA
2018,Dentex spp,4291,NA
2018,Elasmobranchii,28057,NA
2018,Epinephelus spp,3911,NA
2018,Galeoides decadactylus,28746,NA
2018,Lutjanus spp,15131,NA
2018,Mollusca,2250,NA
2018,Mullus spp,3702,NA
2018,Orcynopsis unicolor,73,NA
2018,Osteichthyes,289949,NA
2018,Pagellus erythrinus,1109,NA
2018,Pagellus spp,3943,NA
2018,Pagrus spp,3557,NA
2018,Pomadasys jubelini,5171,NA
2018,Pomatomus saltatrix,1872,NA
2018,Pseudotolithus spp,60515,NA
2018,Pseudupeneus prayensis,1598,NA
2018,Rajiformes,14196,NA
2018,Sepia officinalis,0.01,NA
2018,Serranidae,6499,NA
2018,Sparidae,22868,NA
2018,Triglidae,3121,NA
2018,Trisopterus luscus,710,NA
2019,Argyrosomus regius,4202,NA
2019,Ariidae,117147,NA
2019,Auxis thazard,4850,NA
2019,Carangidae,29151,NA
2019,Caranx hippos,10273,NA
2019,Chloroscombrus chrysurus,30093,NA
2019,Conger conger,1519,NA
2019,Dentex spp,5262,NA
2019,Elasmobranchii,27346,NA
2019,Epinephelus spp,4075,NA
2019,Galeoides decadactylus,26517,NA
2019,Lutjanus spp,14775,NA
2019,Mollusca,1016,NA
2019,Mullus spp,1128,NA
2019,Orcynopsis unicolor,66,NA
2019,Osteichthyes,226119,NA
2019,Pagellus erythrinus,1400,NA
2019,Pagellus spp,2611,NA
2019,Pagrus spp,3632,NA
2019,Pomadasys jubelini,3809,NA
2019,Pomatomus saltatrix,1856,NA
2019,Pseudotolithus spp,60322,NA
2019,Pseudupeneus prayensis,1654,NA
2019,Rajiformes,13992,NA
2019,Sepia officinalis,559,NA
2019,Serranidae,4575,NA
2019,Sparidae,21867,NA
2019,Triglidae,4115,NA
2019,Trisopterus luscus,866,NA
2020,Argyrosomus regius,3979,NA
2020,Ariidae,84467,NA
2020,Auxis thazard,4972,NA
2020,Carangidae,76099,NA
2020,Caranx hippos,5150,NA
2020,Chloroscombrus chrysurus,29307,NA
2020,Conger conger,1284,NA
2020,Dentex spp,5168,NA
2020,Elasmobranchii,24097,NA
2020,Epinephelus spp,3076,NA
2020,Galeoides decadactylus,27742,NA
2020,Lutjanus spp,13886,NA
2020,Mollusca,689,NA
2020,Mullus spp,913,NA
2020,Orcynopsis unicolor,0.01,NA
2020,Osteichthyes,210225,NA
2020,Pagellus erythrinus,1216,NA
2020,Pagellus spp,4318,NA
2020,Pagrus spp,4901,NA
2020,Pomadasys jubelini,4174,NA
2020,Pomatomus saltatrix,1686,NA
2020,Pseudotolithus spp,57286,NA
2020,Pseudupeneus prayensis,3075,NA
2020,Rajiformes,16097,NA
2020,Sepia officinalis,200,NA
2020,Serranidae,4353,NA
2020,Sparidae,20925,NA
2020,Triglidae,4838,NA
2020,Trisopterus luscus,621,NA
2021,Argyrosomus regius,2990,NA
2021,Ariidae,80502,NA
2021,Auxis thazard,7910,NA
2021,Carangidae,30539,NA
2021,Caranx hippos,4837,NA
2021,Chloroscombrus chrysurus,49207,NA
2021,Conger conger,1229,NA
2021,Dentex spp,5392,NA
2021,Elasmobranchii,24511,NA
2021,Epinephelus spp,4335,NA
2021,Galeoides decadactylus,30767,NA
2021,Lutjanus spp,13315,NA
2021,Mollusca,829,NA
2021,Mullus spp,786,NA
2021,Orcynopsis unicolor,192,NA
2021,Osteichthyes,208332,NA
2021,Pagellus erythrinus,1547,NA
2021,Pagellus spp,1861,NA
2021,Pagrus spp,5629,NA
2021,Pomadasys jubelini,8121,NA
2021,Pomatomus saltatrix,1365,NA
2021,Pseudotolithus spp,57734,NA
2021,Pseudupeneus prayensis,3242,NA
2021,Rajiformes,15671,NA
2021,Sepia officinalis,199,NA
2021,Serranidae,4733,NA
2021,Sparidae,18962,NA
2021,Triglidae,4014,NA
2021,Trisopterus luscus,529,NA
